treeID,stemID,tag,StemTag,sp,quadrat,gx,gy,MeasureID,CensusID,dbh,pom,hom,ExactDate,DFstatus,codes,countPOM,date,status,agb
491006,1,9001,,virose,0,1.9,4,1,271,155,1.3,1.3,14/02/08,alive,<NA>,1,17576,A,
491007,1,9002,,peraar,0,0.7,5.6,2,271,319,1.3,1.3,14/02/08,alive,<NA>,1,17576,A,
491008,1,9003,,amaico,0,1.3,6.1,3,271,124,1.3,1.3,14/02/08,alive,<NA>,1,17576,A,
491009,1,9004,,peraar,0,1.2,6.4,4,271,179,1.3,1.3,14/02/08,alive,<NA>,1,17576,A,
491010,1,9005,,henrfa,0,1.8,10.7,5,271,144,1.3,1.3,14/02/08,alive,<NA>,1,17576,A,
491011,1,9006,,pochse,0,2.8,10.8,6,271,185,1.3,1.3,14/02/08,alive,<NA>,1,17576,A,
491012,1,9007,,vantde,0,2.8,11.5,7,271,122,1.3,1.3,14/02/08,alive,<NA>,1,17576,A,
491013,1,9008,,vochfe,0,0.8,19.4,8,271,148,1.3,1.3,14/02/08,alive,<NA>,1,17576,A,
491014,1,9009,,hirtam,0,7.4,14.7,9,271,187,1.3,1.3,14/02/08,alive,<NA>,1,17576,A,
491015,1,9010,,mataap,0,6.2,5.9,10,271,119,1.3,1.3,14/02/08,alive,<NA>,1,17576,A,
491016,1,9011,,virose,0,9.6,8.8,11,271,233,1.3,1.3,14/02/08,alive,<NA>,1,17576,A,
491017,1,9012,,peraar,0,7,1.3,12,271,306,1.3,1.3,14/02/08,alive,<NA>,1,17576,A,
491018,1,9013,1,oenoma,0,6.9,1.8,13,271,122,1.3,1.3,14/02/08,alive,M,1,17576,A,
491018,2,9013,2,oenoma,0,6.9,1.8,14,271,119,1.3,1.3,14/02/08,alive,M,1,17576,A,
491018,3,9013,3,oenoma,0,6.9,1.8,15,271,116,1.3,1.3,14/02/08,alive,M,1,17576,A,
491018,4,9013,4,oenoma,0,6.9,1.8,416,271,NA,<NA>,NA,14/02/08,prior,<NA>,NA,17576,P,
491018,5,9013,5,oenoma,0,6.9,1.8,417,271,NA,<NA>,NA,14/02/08,prior,<NA>,NA,17576,P,
491019,1,9014,,vochfe,0,9.1,4.3,16,271,330,1.3,1.3,14/02/08,alive,<NA>,1,17576,A,
491020,1,9015,,vochfe,0,13.4,5.3,17,271,337,1.3,1.3,14/02/08,alive,<NA>,1,17576,A,
491021,1,9016,,vantde,0,13.5,14.8,18,271,167,1.3,1.3,14/02/08,alive,<NA>,1,17576,A,
491022,1,9017,,peraar,0,12.6,18.6,19,271,264,1.3,1.3,14/02/08,alive,<NA>,1,17576,A,
491023,1,9018,,mataap,0,13,19.3,20,271,196,1.3,1.3,14/02/08,alive,<NA>,1,17576,A,
491024,1,9019,,tachve,0,18.3,15.4,21,271,123,1.3,1.3,14/02/08,alive,<NA>,1,17576,A,
491025,1,9020,,peraar,0,18.8,18.9,22,271,133,1.3,1.3,14/02/08,alive,<NA>,1,17576,A,
491026,1,9021,,alsebl,0,15.6,6.7,23,271,252,1.3,1.3,14/02/08,alive,<NA>,1,17576,A,
491027,1,9022,1,oenoma,0,16.5,4.2,24,271,121,1.3,1.3,14/02/08,alive,M,1,17576,A,
491027,2,9022,2,oenoma,0,16.5,4.2,25,271,119,1.3,1.3,14/02/08,alive,M,1,17576,A,
491027,3,9022,3,oenoma,0,16.5,4.2,26,271,103,1.3,1.3,14/02/08,alive,M,1,17576,A,
491027,4,9022,4,oenoma,0,16.5,4.2,27,271,102,1.3,1.3,14/02/08,alive,M,1,17576,A,
491027,5,9022,5,oenoma,0,16.5,4.2,28,271,101,1.3,1.3,14/02/08,alive,M,1,17576,A,
491027,6,9022,6,oenoma,0,16.5,4.2,29,271,101,1.3,1.3,14/02/08,alive,M,1,17576,A,
491027,7,9022,7,oenoma,0,16.5,4.2,418,271,NA,<NA>,NA,14/02/08,prior,<NA>,NA,17576,P,
491027,8,9022,8,oenoma,0,16.5,4.2,419,271,NA,<NA>,NA,14/02/08,prior,<NA>,NA,17576,P,
491027,9,9022,9,oenoma,0,16.5,4.2,420,271,NA,<NA>,NA,14/02/08,prior,<NA>,NA,17576,P,
491027,10,9022,10,oenoma,0,16.5,4.2,421,271,NA,<NA>,NA,14/02/08,prior,<NA>,NA,17576,P,
491027,11,9022,11,oenoma,0,16.5,4.2,422,271,NA,<NA>,NA,14/02/08,prior,<NA>,NA,17576,P,
491027,12,9022,12,oenoma,0,16.5,4.2,423,271,NA,<NA>,NA,14/02/08,prior,<NA>,NA,17576,P,
491027,13,9022,13,oenoma,0,16.5,4.2,424,271,NA,<NA>,NA,14/02/08,prior,<NA>,NA,17576,P,
491027,14,9022,14,oenoma,0,16.5,4.2,425,271,NA,<NA>,NA,14/02/08,prior,<NA>,NA,17576,P,
491027,15,9022,15,oenoma,0,16.5,4.2,426,271,NA,<NA>,NA,14/02/08,prior,<NA>,NA,17576,P,
491027,16,9022,16,oenoma,0,16.5,4.2,427,271,NA,<NA>,NA,14/02/08,prior,<NA>,NA,17576,P,
491027,17,9022,17,oenoma,0,16.5,4.2,428,271,NA,<NA>,NA,14/02/08,prior,<NA>,NA,17576,P,
1901,1,1901,,amaico,1,1.39,23.76,528,271,NA,<NA>,NA,15/02/08,prior,<NA>,NA,17577,P,
1902,1,1902,1,oenoma,1,2.56,36.74,529,271,NA,<NA>,NA,15/02/08,prior,<NA>,NA,17577,P,
1902,2,1902,2,oenoma,1,2.56,36.74,530,271,NA,<NA>,NA,15/02/08,prior,<NA>,NA,17577,P,
491028,1,9023,,peraar,1,4.4,23.8,30,271,282,1.3,1.3,14/02/08,alive,<NA>,1,17576,A,
491029,1,9024,,tachve,1,1.2,32.3,31,271,265,1.3,1.3,14/02/08,alive,<NA>,1,17576,A,
491030,1,9025,,mataap,1,4.2,36,32,271,351,1.3,1.3,14/02/08,alive,<NA>,1,17576,A,
491031,1,9026,,peraar,1,5.6,36.1,33,271,373,1.3,1.3,14/02/08,alive,<NA>,1,17576,A,
491032,1,9027,,ingape,1,9,38.8,34,271,105,1.3,1.3,14/02/08,alive,<NA>,1,17576,A,
491033,1,9028,1,oenoma,1,6,33.8,35,271,105,1.3,1.3,14/02/08,alive,<NA>,1,17576,A,
491033,2,9028,2,oenoma,1,6,33.8,429,271,NA,<NA>,NA,14/02/08,prior,<NA>,NA,17576,P,
491033,3,9028,3,oenoma,1,6,33.8,430,271,NA,<NA>,NA,14/02/08,prior,<NA>,NA,17576,P,
491033,4,9028,4,oenoma,1,6,33.8,431,271,NA,<NA>,NA,14/02/08,prior,<NA>,NA,17576,P,
491033,5,9028,5,oenoma,1,6,33.8,432,271,NA,<NA>,NA,14/02/08,prior,<NA>,NA,17576,P,
491034,1,9029,,vantde,1,10.2,20.9,36,271,268,1.3,1.3,14/02/08,alive,<NA>,1,17576,A,
491035,1,9030,,peraar,1,13.7,23.4,37,271,218,1.3,1.3,14/02/08,alive,<NA>,1,17576,A,
491036,1,9031,,virose,1,12.1,27.6,38,271,129,1.3,1.3,14/02/08,alive,<NA>,1,17576,A,
491037,1,9032,,peraar,1,11.4,31.1,39,271,170,1.3,1.3,14/02/08,alive,<NA>,1,17576,A,
491038,1,9033,,amaico,1,11.7,31.3,40,271,116,1.3,1.3,14/02/08,alive,<NA>,1,17576,A,
491039,1,9034,,ingape,1,19,37.1,41,271,100,1.3,1.3,14/02/08,alive,<NA>,1,17576,A,
491040,1,9035,,vochfe,1,17.8,28.6,42,271,243,1.3,1.3,14/02/08,alive,<NA>,1,17576,A,
491041,1,9036,,ingape,1,18.2,28.4,43,271,179,1.3,1.3,14/02/08,alive,<NA>,1,17576,A,
491390,1,840505,0,oenoma,1,19.329,36.992,547,271,NA,<NA>,NA,15/02/08,prior,<NA>,NA,17576,P,
491391,1,840506,0,ast1st,1,4.81163,27.4389,548,271,NA,<NA>,NA,15/02/08,prior,<NA>,NA,17576,P,
491392,1,840507,0,amaico,1,4.78022,30.1044,549,271,NA,<NA>,NA,15/02/08,prior,<NA>,NA,17576,P,
491393,1,840508,0,nectpu,1,1.16662,28.4541,550,271,NA,<NA>,NA,15/02/08,prior,<NA>,NA,17576,P,
491042,1,9037,,jac1co,2,4.3,43.1,44,271,327,1.3,1.3,14/02/08,alive,<NA>,1,17576,A,
491043,1,9038,,peraar,2,4.4,45.5,45,271,262,1.3,1.3,14/02/08,alive,<NA>,1,17576,A,
491044,1,9039,,amaico,2,1.1,50.3,46,271,122,1.3,1.3,14/02/08,alive,<NA>,1,17576,A,
491045,1,9040,,mataap,2,4.2,53.4,47,271,225,1.3,1.3,14/02/08,alive,<NA>,1,17576,A,
491046,1,9041,,virose,2,4.7,58.7,48,271,173,1.3,1.3,14/02/08,alive,<NA>,1,17576,A,
491047,1,9042,1,lindla,2,7.1,47.8,49,271,185,1.3,1.3,14/02/08,alive,<NA>,1,17576,A,
491047,2,9042,2,lindla,2,7.1,47.8,433,271,NA,<NA>,NA,14/02/08,prior,<NA>,NA,17576,P,
491047,3,9042,3,lindla,2,7.1,47.8,434,271,NA,<NA>,NA,14/02/08,prior,<NA>,NA,17576,P,
491047,4,9042,4,lindla,2,7.1,47.8,435,271,NA,<NA>,NA,14/02/08,prior,<NA>,NA,17576,P,
491047,5,9042,5,lindla,2,7.1,47.8,436,271,NA,<NA>,NA,14/02/08,prior,<NA>,NA,17576,P,
491047,6,9042,6,lindla,2,7.1,47.8,437,271,NA,<NA>,NA,14/02/08,prior,<NA>,NA,17576,P,
491047,7,9042,7,lindla,2,7.1,47.8,438,271,NA,<NA>,NA,14/02/08,prior,<NA>,NA,17576,P,
491048,1,9043,,peraar,2,8.1,40.5,50,271,247,1.3,1.3,14/02/08,alive,<NA>,1,17576,A,
491049,1,9044,,amaico,2,9.6,44.4,51,271,117,1.3,1.3,14/02/08,alive,<NA>,1,17576,A,
491050,1,9045,,peraar,2,10.4,45.1,52,271,300,1.3,1.3,14/02/08,alive,<NA>,1,17576,A,
491051,1,9046,,perexa,2,12.2,52.4,53,271,116,1.3,1.3,14/02/08,alive,<NA>,1,17576,A,
491052,1,9047,,perexa,2,15.3,58.8,54,271,135,1.3,1.3,14/02/08,alive,<NA>,1,17576,A,
491053,1,9048,,perexa,2,15.5,52.8,55,271,308,1.3,1.3,14/02/08,alive,<NA>,1,17576,A,
491054,1,9049,,amaico,2,15.8,45.5,56,271,191,1.3,1.3,14/02/08,alive,<NA>,1,17576,A,
491055,1,9050,,peraar,2,16,45.8,57,271,244,1.3,1.3,14/02/08,alive,<NA>,1,17576,A,
491394,1,840509,,mataap,2,10.8201,45.7676,551,271,NA,<NA>,NA,15/02/08,prior,<NA>,NA,17576,P,
491056,1,9051,1,oenoma,3,0.2,69.7,58,271,100,1.3,1.3,14/02/08,alive,<NA>,1,17576,A,
491056,2,9051,2,oenoma,3,0.2,69.7,439,271,NA,<NA>,NA,14/02/08,prior,<NA>,NA,17576,P,
491056,3,9051,3,oenoma,3,0.2,69.7,440,271,NA,<NA>,NA,14/02/08,prior,<NA>,NA,17576,P,
491056,4,9051,4,oenoma,3,0.2,69.7,441,271,NA,<NA>,NA,14/02/08,prior,<NA>,NA,17576,P,
491056,5,9051,5,oenoma,3,0.2,69.7,442,271,NA,<NA>,NA,14/02/08,prior,<NA>,NA,17576,P,
491056,6,9051,6,oenoma,3,0.2,69.7,443,271,NA,<NA>,NA,14/02/08,prior,<NA>,NA,17576,P,
491056,7,9051,7,oenoma,3,0.2,69.7,444,271,NA,<NA>,NA,14/02/08,prior,<NA>,NA,17576,P,
491056,8,9051,8,oenoma,3,0.2,69.7,578,271,NA,<NA>,NA,15/02/08,prior,<NA>,NA,17577,P,
491057,1,9052,,oenoma,3,0.5,73.7,59,271,113,1.3,1.3,14/02/08,alive,<NA>,1,17576,A,
491058,1,9053,,jac1co,3,1.9,74.4,60,271,569,1.3,1.3,14/02/08,alive,<NA>,1,17576,A,
491059,1,9054,,myrcga,3,1.6,75.4,61,271,120,1.3,1.3,14/02/08,alive,<NA>,1,17576,A,
491060,1,9055,,myrcga,3,0.8,78.1,62,271,103,1.3,1.3,14/02/08,alive,<NA>,1,17576,A,
491061,1,9056,,pit1ba,3,8.3,79.5,63,271,233,1.3,1.3,14/02/08,alive,<NA>,1,17576,A,
491062,1,9057,1,oenoma,3,6.2,74.1,64,271,119,1.3,1.3,14/02/08,alive,M,1,17576,A,
491062,2,9057,2,oenoma,3,6.2,74.1,65,271,114,1.3,1.3,14/02/08,alive,M,1,17576,A,
491062,3,9057,3,oenoma,3,6.2,74.1,445,271,NA,<NA>,NA,14/02/08,prior,<NA>,NA,17576,P,
491063,1,9058,,entesc,3,5.2,65.1,66,271,641,1.3,1.3,14/02/08,alive,<NA>,1,17576,A,
491064,1,9059,,pochse,3,6.2,62.9,67,271,271,1.3,1.3,14/02/08,alive,<NA>,1,17576,A,
491065,1,9060,,ocotce,3,12.9,78.7,68,271,256,1.3,1.3,14/02/08,alive,<NA>,1,17576,A,
491066,1,9061,,vantde,3,12.6,78.7,69,271,236,1.3,1.3,14/02/08,alive,<NA>,1,17576,A,
491067,1,9062,,vantde,3,12.1,78.9,70,271,208,1.3,1.3,14/02/08,alive,<NA>,1,17576,A,
491068,1,9063,,amaico,3,14,79.3,71,271,137,1.3,1.3,14/02/08,alive,<NA>,1,17576,A,
491069,1,9064,,amaico,3,19.5,70.2,72,271,177,1.3,1.3,14/02/08,alive,<NA>,1,17576,A,
491070,1,9065,,peraar,3,17.6214,68.8942,73,271,156,1.3,1.3,14/02/08,alive,<NA>,1,17576,A,
491071,1,9066,,peraar,3,18.2,68.1,74,271,190,1.3,1.3,14/02/08,alive,<NA>,1,17576,A,
491072,1,9067,,pochse,3,15.8,64.1,75,271,198,1.3,1.3,14/02/08,alive,<NA>,1,17576,A,
491073,1,9068,,ingape,3,15.9,60.8,76,271,140,1.3,1.3,14/02/08,alive,<NA>,1,17576,A,
491074,1,9069,,virose,3,16,60.3,77,271,114,1.3,1.3,14/02/08,alive,<NA>,1,17576,A,
491075,1,9070,,virose,3,19.2,60.3,78,271,144,1.3,1.3,14/02/08,alive,<NA>,1,17576,A,
491395,1,840510,0,mataap,3,18.3586,67.8872,552,271,NA,<NA>,NA,15/02/08,prior,<NA>,NA,17576,P,
491396,1,840511,1,ingape,3,10.4563,66.4705,553,271,NA,<NA>,NA,15/02/08,prior,<NA>,NA,17576,P,
491396,2,840511,2,ingape,3,10.4563,66.4705,554,271,NA,<NA>,NA,15/02/08,prior,<NA>,NA,17576,P,
491397,1,840512,0,oenoma,3,18.4806,75.7994,555,271,NA,<NA>,NA,15/02/08,prior,<NA>,NA,17576,P,
1903,1,1903,,oenoma,4,19.35,80.79,586,271,NA,<NA>,NA,15/02/08,prior,<NA>,NA,17577,P,
491076,1,9071,1,oenoma,4,3.8,80.7,79,271,104,1.3,1.3,14/02/08,alive,<NA>,1,17576,A,
491076,2,9071,2,oenoma,4,3.8,80.7,446,271,NA,<NA>,NA,14/02/08,prior,<NA>,NA,17576,P,
491076,3,9071,3,oenoma,4,3.8,80.7,447,271,NA,<NA>,NA,14/02/08,prior,<NA>,NA,17576,P,
491076,4,9071,4,oenoma,4,3.8,80.7,448,271,NA,<NA>,NA,14/02/08,prior,<NA>,NA,17576,P,
491077,1,9072,,perexa,4,4.6,85.3,80,271,134,1.3,1.3,14/02/08,alive,<NA>,1,17576,A,
491078,1,9073,1,ingath,4,0.9,91.3,81,271,106,1.3,1.3,14/02/08,alive,<NA>,1,17576,A,
491078,2,9073,2,ingath,4,0.9,91.3,449,271,NA,<NA>,NA,14/02/08,prior,<NA>,NA,17576,P,
491078,3,9073,3,ingath,4,0.9,91.3,450,271,NA,<NA>,NA,14/02/08,prior,<NA>,NA,17576,P,
491078,4,9073,4,ingath,4,0.9,91.3,451,271,NA,<NA>,NA,14/02/08,prior,<NA>,NA,17576,P,
491079,1,9074,,oenoma,4,0.4,95.5,82,271,100,1.3,1.3,14/02/08,alive,<NA>,1,17576,A,
491080,1,9075,,oenoma,4,2.1,98.2,83,271,101,1.3,1.3,14/02/08,alive,<NA>,1,17576,A,
491081,1,9076,,amaico,4,7.6,94.3,84,271,196,1.3,1.3,14/02/08,alive,<NA>,1,17576,A,
491082,1,9077,,amaico,4,8.4,85.9,85,271,181,1.3,1.3,14/02/08,alive,<NA>,1,17576,A,
491083,1,9078,1,oenoma,4,5.8,84.4,86,271,105,1.3,1.3,14/02/08,alive,M,1,17576,A,
491083,2,9078,2,oenoma,4,5.8,84.4,87,271,104,1.3,1.3,14/02/08,alive,M,1,17576,A,
491083,3,9078,3,oenoma,4,5.8,84.4,452,271,NA,<NA>,NA,14/02/08,prior,<NA>,NA,17576,P,
491083,4,9078,4,oenoma,4,5.8,84.4,453,271,NA,<NA>,NA,14/02/08,prior,<NA>,NA,17576,P,
491083,5,9078,5,oenoma,4,5.8,84.4,454,271,NA,<NA>,NA,14/02/08,prior,<NA>,NA,17576,P,
491084,1,9079,,amaico,4,11,91.1,88,271,153,1.3,1.3,14/02/08,alive,<NA>,1,17576,A,
491085,1,9080,,entesc,4,14.1,98.9,89,271,525,1.3,1.3,14/02/08,alive,<NA>,1,17576,A,
491086,1,9081,1,oenoma,4,15.9,91.7,90,271,107,1.3,1.3,14/02/08,alive,<NA>,1,17576,A,
491086,2,9081,2,oenoma,4,15.9,91.7,455,271,NA,<NA>,NA,14/02/08,prior,<NA>,NA,17576,P,
491086,3,9081,3,oenoma,4,15.9,91.7,456,271,NA,<NA>,NA,14/02/08,prior,<NA>,NA,17576,P,
491087,1,9082,,peraar,4,19.3,91,91,271,119,1.3,1.3,14/02/08,alive,<NA>,1,17576,A,
491088,1,9083,1,oenoma,4,19.3,85.5,92,271,109,1.3,1.3,14/02/08,alive,M,1,17576,A,
491088,2,9083,2,oenoma,4,19.3,85.5,93,271,100,1.3,1.3,14/02/08,alive,M,1,17576,A,
491088,3,9083,3,oenoma,4,19.3,85.5,457,271,NA,<NA>,NA,14/02/08,prior,<NA>,NA,17576,P,
1904,1,1904,,ingath,100,26.87,6.07,588,271,NA,<NA>,NA,15/02/08,prior,<NA>,NA,17577,P,
1905,1,1905,1,oenoma,100,34.44,10.38,589,271,NA,<NA>,NA,15/02/08,prior,<NA>,NA,17577,P,
1905,1,1905,2,oenoma,100,34.44,10.38,590,271,NA,<NA>,NA,15/02/08,prior,<NA>,NA,17577,P,
1906,1,1906,,oenoma,100,31.16,14.14,591,271,NA,<NA>,NA,15/02/08,prior,<NA>,NA,17577,P,
1907,1,1907,,oenoma,100,33.53,18.87,592,271,NA,<NA>,NA,15/02/08,prior,<NA>,NA,17577,P,
491089,1,9101,1,lindla,100,22.5,6.4,94,271,191,1.3,1.3,14/02/08,alive,<NA>,1,17576,A,
491089,2,9101,2,lindla,100,22.5,6.4,458,271,NA,<NA>,NA,14/02/08,prior,<NA>,NA,17576,P,
491089,3,9101,3,lindla,100,22.5,6.4,459,271,NA,<NA>,NA,14/02/08,prior,<NA>,NA,17576,P,
491089,4,9101,4,lindla,100,22.5,6.4,460,271,NA,<NA>,NA,14/02/08,prior,<NA>,NA,17576,P,
491089,5,9101,5,lindla,100,22.5,6.4,461,271,NA,<NA>,NA,14/02/08,prior,<NA>,NA,17576,P,
491090,1,9102,,protpa,100,22.1,7,95,271,176,1.3,1.3,14/02/08,alive,<NA>,1,17576,A,
491091,1,9103,1,oenoma,100,20.2,11.3,96,271,125,1.3,1.3,14/02/08,alive,M,1,17576,A,
491091,2,9103,2,oenoma,100,20.2,11.3,97,271,106,1.3,1.3,14/02/08,alive,M,1,17576,A,
491091,3,9103,3,oenoma,100,20.2,11.3,98,271,100,1.3,1.3,14/02/08,alive,M,1,17576,A,
491091,4,9103,4,oenoma,100,20.2,11.3,462,271,NA,<NA>,NA,14/02/08,prior,<NA>,NA,17576,P,
491092,1,9104,,amaico,100,23.9,15.6,99,271,142,1.3,1.3,14/02/08,alive,<NA>,1,17576,A,
491093,1,9105,,virose,100,25.2,18.1,100,271,136,1.3,1.3,14/02/08,alive,<NA>,1,17576,A,
491094,1,9106,,tab1gu,100,28.8,12.3,101,271,171,1.3,1.3,14/02/08,alive,<NA>,1,17576,A,
491095,1,9107,,protpa,100,28,5.8,102,271,135,1.3,1.3,14/02/08,alive,<NA>,1,17576,A,
491096,1,9109,1,lindla,100,33.5,6,103,271,223,1.3,1.3,14/02/08,alive,<NA>,1,17576,A,
491096,2,9109,2,lindla,100,33.5,6,463,271,NA,<NA>,NA,14/02/08,prior,<NA>,NA,17576,P,
491097,1,9110,,myrcga,100,32.4,6.7,104,271,129,1.3,1.3,14/02/08,alive,<NA>,1,17576,A,
491098,1,9111,,peraar,100,36,18.8,105,271,333,1.3,1.3,14/02/08,alive,<NA>,1,17576,A,
491099,1,9112,,vochfe,100,37.5,19.3,106,271,206,1.3,1.3,14/02/08,alive,<NA>,1,17576,A,
491100,1,9113,,amaico,100,36.6,1.6,107,271,114,1.3,1.3,14/02/08,alive,<NA>,1,17576,A,
491398,1,843665,1,phoeci,100,26.1609,15.3017,556,271,NA,<NA>,NA,15/02/08,prior,<NA>,NA,17576,P,
491398,2,843665,2,phoeci,100,26.1609,15.3017,557,271,NA,<NA>,NA,15/02/08,prior,<NA>,NA,17576,P,
491101,1,9114,,ingape,101,20.9,21,108,271,383,1.3,1.3,14/02/08,alive,<NA>,1,17576,A,
491102,1,9115,,peraar,101,23.8,24.2,109,271,232,1.3,1.3,14/02/08,alive,<NA>,1,17576,A,
491103,1,9116,,peraar,101,22.8,25.8,110,271,321,1.3,1.3,14/02/08,alive,<NA>,1,17576,A,
491104,1,9117,,peraar,101,24.5,28.7,111,271,205,1.3,1.3,14/02/08,alive,<NA>,1,17576,A,
491105,1,9118,1,lindla,101,22.8,31.9,112,271,216,1.3,1.3,14/02/08,alive,L,1,17576,A,
491105,2,9118,2,lindla,101,22.8,31.9,464,271,NA,<NA>,NA,14/02/08,prior,<NA>,NA,17576,P,
491106,1,9119,,peraar,101,20.9,35.6,113,271,238,1.3,1.3,14/02/08,alive,<NA>,1,17576,A,
491107,1,9120,,amaico,101,22.2,37.5,114,271,161,1.3,1.3,14/02/08,alive,<NA>,1,17576,A,
491108,1,9121,,peraar,101,21.7,39,115,271,229,1.3,1.3,14/02/08,alive,<NA>,1,17576,A,
491109,1,9122,,maquco,101,25.8,26.4,116,271,157,1.3,1.3,14/02/08,alive,<NA>,1,17576,A,
491110,1,9123,,perexa,101,29.1,23.5,117,271,130,1.3,1.3,14/02/08,alive,<NA>,1,17576,A,
491111,1,9124,,vantde,101,32.7,27.5,118,271,123,1.3,1.3,14/02/08,alive,<NA>,1,17576,A,
491112,1,9125,,amaico,101,30.8,37,119,271,149,1.3,1.3,14/02/08,alive,<NA>,1,17576,A,
491113,1,9126,,peraar,101,32.1,37.4,120,271,276,1.3,1.3,14/02/08,alive,<NA>,1,17576,A,
491114,1,9127,,calolo,101,38.1,33.3,121,271,123,1.3,1.3,14/02/08,alive,L,1,17576,A,
491115,1,9128,,virose,101,38.7,23.6,122,271,119,1.3,1.3,14/02/08,alive,<NA>,1,17576,A,
491116,1,9129,,vataer,101,38.2,22,577,271,478,1.3,1.3,14/02/08,alive,B,1,17576,A,
491399,1,843666,0,virose,101,34.2077,27.5184,558,271,NA,<NA>,NA,15/02/08,prior,<NA>,NA,17576,P,
1908,1,1908,,jac1co,102,29.69,55.63,593,271,NA,<NA>,NA,15/02/08,prior,<NA>,NA,17577,P,
491117,1,9130,,peraar,102,20.6,40.8,123,271,371,1.3,1.3,14/02/08,alive,<NA>,1,17576,A,
491118,1,9131,1,lindla,102,20.9,41.6,124,271,104,1.3,1.3,14/02/08,alive,<NA>,1,17576,A,
491118,2,9131,2,lindla,102,20.9,41.6,465,271,NA,<NA>,NA,14/02/08,prior,<NA>,NA,17576,P,
491119,1,9132,,perexa,102,24,43.6,125,271,178,1.3,1.3,14/02/08,alive,<NA>,1,17576,A,
491120,1,9133,,perexa,102,23.7,47.5,126,271,138,1.3,1.3,14/02/08,alive,<NA>,1,17576,A,
491121,1,9134,,beilpe,102,23,49.1,127,271,142,1.3,1.3,14/02/08,alive,<NA>,1,17576,A,
491122,1,9135,,oenoma,102,23.9,49.5,128,271,120,1.3,1.3,14/02/08,alive,M,1,17576,A,
491122,2,9135,2,oenoma,102,23.9,49.5,129,271,111,1.3,1.3,14/02/08,alive,M,1,17576,A,
491123,1,9136,,laciag,102,24.1,57.5,130,271,128,1.3,1.3,14/02/08,alive,<NA>,1,17576,A,
491124,1,9137,1,oenoma,102,28.7,51.1,131,271,114,1.3,1.3,14/02/08,alive,M,1,17576,A,
491124,2,9137,2,oenoma,102,28.7,51.1,132,271,108,1.3,1.3,14/02/08,alive,M,1,17576,A,
491124,3,9137,3,oenoma,102,28.7,51.1,133,271,102,1.3,1.3,14/02/08,alive,M,1,17576,A,
491124,4,9137,4,oenoma,102,28.7,51.1,466,271,NA,<NA>,NA,14/02/08,prior,<NA>,NA,17576,P,
491125,1,9138,1,oenoma,102,25.7,50.4,134,271,108,1.3,1.3,14/02/08,alive,M,1,17576,A,
491125,2,9138,2,oenoma,102,25.7,50.4,135,271,102,1.3,1.3,14/02/08,alive,M,1,17576,A,
491125,3,9138,3,oenoma,102,25.7,50.4,467,271,NA,<NA>,NA,14/02/08,prior,<NA>,NA,17576,P,
491125,4,9138,4,oenoma,102,25.7,50.4,468,271,NA,<NA>,NA,14/02/08,prior,<NA>,NA,17576,P,
491125,5,9138,5,oenoma,102,25.7,50.4,469,271,NA,<NA>,NA,14/02/08,prior,<NA>,NA,17576,P,
491126,1,9139,,virosp,102,26.1,48.2,579,271,370,1.3,1.3,14/02/08,alive,<NA>,1,17576,A,
491127,1,9140,,amaico,102,28.4,44,136,271,152,1.3,1.3,14/02/08,alive,<NA>,1,17576,A,
491128,1,9141,1,oenoma,102,32.3,45.4,137,271,102,1.3,1.3,14/02/08,alive,<NA>,1,17576,A,
491128,2,9141,2,oenoma,102,32.3,45.4,470,271,NA,<NA>,NA,14/02/08,prior,<NA>,NA,17576,P,
491129,1,9142,,ternte,102,33.4,46,138,271,347,1.3,1.3,14/02/08,alive,<NA>,1,17576,A,
491130,1,9143,1,oenoma,102,34.2,46.6,139,271,115,1.3,1.3,14/02/08,alive,<NA>,1,17576,A,
491130,2,9143,2,oenoma,102,34.2,46.6,471,271,NA,<NA>,NA,14/02/08,prior,<NA>,NA,17576,P,
491131,1,9144,,lindla,102,32.8,50.8,140,271,148,1.3,1.3,14/02/08,alive,Q,1,17576,A,
491132,1,9145,,oenoma,102,33.1,55.6,141,271,102,1.3,1.3,14/02/08,alive,<NA>,1,17576,A,
491132,2,9145,2,oenoma,102,33.1,55.6,594,271,NA,<NA>,NA,15/02/08,prior,<NA>,NA,17577,P,
491133,1,9146,,amaico,102,37.6,55.4,142,271,189,1.3,1.3,14/02/08,alive,<NA>,1,17576,A,
491134,1,9147,,vantde,102,38.5,55.9,143,271,207,1.3,1.3,14/02/08,alive,<NA>,1,17576,A,
491135,1,9148,1,oenoma,102,36.4,53.2,144,271,105,1.3,1.3,14/02/08,alive,<NA>,1,17576,A,
491135,2,9148,2,oenoma,102,36.4,53.2,472,271,NA,<NA>,NA,14/02/08,prior,<NA>,NA,17576,P,
491136,1,9149,,peraar,102,39.2,51.3,145,271,222,1.3,1.3,14/02/08,alive,<NA>,1,17576,A,
491137,1,9150,,mataap,102,36.1,45.5,146,271,279,1.3,1.3,14/02/08,alive,<NA>,1,17576,A,
491138,1,9151,1,oenoma,102,36.1,40.9,147,271,103,1.3,1.3,14/02/08,alive,<NA>,1,17576,A,
491138,2,9151,2,oenoma,102,36.1,40.9,473,271,NA,<NA>,NA,14/02/08,prior,<NA>,NA,17576,P,
491138,3,9151,3,oenoma,102,36.1,40.9,474,271,NA,<NA>,NA,14/02/08,prior,<NA>,NA,17576,P,
491138,4,9151,4,oenoma,102,36.1,40.9,475,271,NA,<NA>,NA,14/02/08,prior,<NA>,NA,17576,P,
491138,5,9151,5,oenoma,102,36.1,40.9,476,271,NA,<NA>,NA,14/02/08,prior,<NA>,NA,17576,P,
491138,6,9151,6,oenoma,102,36.1,40.9,477,271,NA,<NA>,NA,14/02/08,prior,<NA>,NA,17576,P,
491138,7,9151,7,oenoma,102,36.1,40.9,478,271,NA,<NA>,NA,14/02/08,prior,<NA>,NA,17576,P,
491138,8,9151,8,oenoma,102,36.1,40.9,479,271,NA,<NA>,NA,14/02/08,prior,<NA>,NA,17576,P,
491138,9,9151,9,oenoma,102,36.1,40.9,595,271,NA,<NA>,NA,15/02/08,prior,<NA>,NA,17577,P,
491138,10,9151,10,oenoma,102,36.1,40.9,596,271,NA,<NA>,NA,15/02/08,prior,<NA>,NA,17577,P,
491400,1,843667,0,virose,102,22.4956,45.0722,559,271,NA,<NA>,NA,15/02/08,prior,<NA>,NA,17576,P,
491401,1,843668,0,ingath,102,25.6945,54.3628,560,271,NA,<NA>,NA,15/02/08,prior,<NA>,NA,17576,P,
491402,1,843669,0,virose,102,38.9128,44.0532,561,271,NA,<NA>,NA,15/02/08,prior,<NA>,NA,17576,P,
1909,1,1909,,amaico,103,24.14,63.69,597,271,NA,<NA>,NA,15/02/08,prior,<NA>,NA,17577,P,
1910,1,1910,,myrcga,103,32.94,77.53,598,271,NA,<NA>,NA,15/02/08,prior,<NA>,NA,17577,P,
491139,1,9152,,hirtam,103,20.8,64.3,148,271,131,1.3,1.3,14/02/08,alive,<NA>,1,17576,A,
491140,1,9153,,vataer,103,20.9,65.6,580,271,266,1.9,1.9,14/02/08,alive,P,1,17576,A,
491141,1,9154,,amaico,103,22.3,66.7,149,271,106,1.3,1.3,14/02/08,alive,<NA>,1,17576,A,
491142,1,9155,,peraar,103,24.2,68.5,150,271,125,1.3,1.3,14/02/08,alive,Q,1,17576,A,
491143,1,9156,,amaico,103,20.9,70.6,151,271,187,1.3,1.3,14/02/08,alive,<NA>,1,17576,A,
491144,1,9157,,mataap,103,30.7,70.8,152,271,399,1.3,1.3,14/02/08,alive,<NA>,1,17576,A,
491145,1,9158,,mataap,103,36.2,78.1,153,271,347,1.3,1.3,14/02/08,alive,<NA>,1,17576,A,
491146,1,9159,,mataap,103,37.5,77.4,154,271,283,1.3,1.3,14/02/08,alive,<NA>,1,17576,A,
491147,1,9160,,vataer,103,35.8,72.6,581,271,287,2.1,2.1,14/02/08,alive,P,1,17576,A,
491148,1,9161,,pochse,103,39.3,71.4,155,271,229,1.3,1.3,14/02/08,alive,<NA>,1,17576,A,
491149,1,9162,,peraar,103,36.5,60.8,156,271,491,1.3,1.3,14/02/08,alive,<NA>,1,17576,A,
1911,1,1911,1,oenoma,104,26,80.68,600,271,NA,<NA>,NA,15/02/08,prior,<NA>,NA,17577,P,
1911,2,1911,2,oenoma,104,26,80.68,601,271,NA,<NA>,NA,15/02/08,prior,<NA>,NA,17577,P,
491150,1,9163,,amaico,104,22.6,86.4,157,271,233,1.3,1.3,14/02/08,alive,<NA>,1,17576,A,
491151,1,9164,,mataap,104,21,95.7,582,271,424,1.7,1.7,14/02/08,alive,P,1,17576,A,
491152,1,9165,,peraar,104,25.8,95.7,158,271,340,1.3,1.3,14/02/08,alive,<NA>,1,17576,A,
491153,1,9166,,peraar,104,29.3,99.1,159,271,355,1.3,1.3,14/02/08,alive,<NA>,1,17576,A,
491154,1,9167,1,oenoma,104,28.2,99.4,160,271,109,1.3,1.3,14/02/08,alive,M,1,17576,A,
491154,2,9167,2,oenoma,104,28.2,99.4,161,271,105,1.3,1.3,14/02/08,alive,M,1,17576,A,
491154,3,9167,3,oenoma,104,28.2,99.4,480,271,NA,<NA>,NA,14/02/08,prior,<NA>,NA,17576,P,
491155,1,9168,,pochse,104,28,88.8,162,271,298,1.3,1.3,14/02/08,alive,<NA>,1,17576,A,
491156,1,9169,,oenoma,104,29.8,82.9,163,271,103,1.3,1.3,14/02/08,alive,<NA>,1,17576,A,
491156,2,9169,2,oenoma,104,29.8,82.9,599,271,NA,<NA>,NA,15/02/08,prior,<NA>,NA,17577,P,
491157,1,9170,,vataer,104,34,81.7,164,271,172,1.9,1.9,14/02/08,alive,P,1,17576,A,
491158,1,9171,,protpa,104,32.4,86.7,165,271,112,1.3,1.3,14/02/08,alive,<NA>,1,17576,A,
491159,1,9172,,amaico,104,33.7,89.1,166,271,107,1.3,1.3,14/02/08,alive,<NA>,1,17576,A,
491160,1,9173,,peraar,104,34.2,94.2,167,271,215,1.3,1.3,14/02/08,alive,<NA>,1,17576,A,
491161,1,9174,,oenoma,104,34.5,98.1,168,271,100,1.3,1.3,14/02/08,alive,<NA>,1,17576,A,
491161,2,9174,2,oenoma,104,34.5,98.1,602,271,NA,<NA>,NA,15/02/08,prior,<NA>,NA,17577,P,
491162,1,9175,,jac1co,104,35.6,93.8,169,271,528,1.3,1.3,14/02/08,alive,<NA>,1,17576,A,
491163,1,9176,,amaico,104,38.1,90.7,170,271,143,1.3,1.3,14/02/08,alive,<NA>,1,17576,A,
491164,1,9177,1,oenoma,104,38.9,91.7,171,271,116,1.3,1.3,14/02/08,alive,<NA>,1,17576,A,
491164,2,9177,2,oenoma,104,38.9,91.7,481,271,NA,<NA>,NA,14/02/08,prior,<NA>,NA,17576,P,
491164,3,9177,3,oenoma,104,38.9,91.7,482,271,NA,<NA>,NA,14/02/08,prior,<NA>,NA,17576,P,
491164,4,9177,4,oenoma,104,38.9,91.7,483,271,NA,<NA>,NA,14/02/08,prior,<NA>,NA,17576,P,
491164,5,9177,5,oenoma,104,38.9,91.7,484,271,NA,<NA>,NA,14/02/08,prior,<NA>,NA,17576,P,
491164,6,9177,6,oenoma,104,38.9,91.7,485,271,NA,<NA>,NA,14/02/08,prior,<NA>,NA,17576,P,
491164,7,9177,7,oenoma,104,38.9,91.7,603,271,NA,<NA>,NA,15/02/08,prior,<NA>,NA,17577,P,
1912,1,1912,1,oenoma,200,47.07,13.63,607,271,NA,<NA>,NA,15/02/08,prior,<NA>,NA,17577,P,
1913,1,1913,,castel,200,58.45,0.68,608,271,NA,<NA>,NA,15/02/08,prior,<NA>,NA,17577,P,
491165,1,9200,,vantde,200,59.4,2.5,172,271,159,1.3,1.3,14/02/08,alive,<NA>,1,17576,A,
491166,1,9201,1,oenoma,200,40.3,0.3,173,271,107,1.3,1.3,14/02/08,alive,M,1,17576,A,
491166,2,9201,4,oenoma,200,40.3,0.3,174,271,100,1.3,1.3,14/02/08,alive,M,1,17576,A,
491166,3,9201,2,oenoma,200,40.3,0.3,175,271,104,1.3,1.3,14/02/08,alive,M,1,17576,A,
491166,4,9201,3,oenoma,200,40.3,0.3,176,271,104,1.3,1.3,14/02/08,alive,M,1,17576,A,
491166,5,9201,5,oenoma,200,40.3,0.3,486,271,NA,<NA>,NA,14/02/08,prior,<NA>,NA,17576,P,
491166,6,9201,6,oenoma,200,40.3,0.3,487,271,NA,<NA>,NA,14/02/08,prior,<NA>,NA,17576,P,
491166,7,9201,7,oenoma,200,40.3,0.3,604,271,NA,<NA>,NA,15/02/08,prior,<NA>,NA,17577,P,
491166,8,9201,8,oenoma,200,40.3,0.3,605,271,NA,<NA>,NA,15/02/08,prior,<NA>,NA,17577,P,
491167,1,9202,,perexa,200,42.5,11.5,177,271,150,1.3,1.3,14/02/08,alive,<NA>,1,17576,A,
491168,1,9203,,cordbi,200,41.2,15.5,178,271,344,1.3,1.3,14/02/08,alive,<NA>,1,17576,A,
491169,1,9204,,jac1co,200,48.8,18.5,179,271,227,1.3,1.3,14/02/08,alive,<NA>,1,17576,A,
491170,1,9205,,byrssp,200,48.8,15.1,180,271,187,1.3,1.3,14/02/08,alive,<NA>,1,17576,A,
491171,1,9207,,perexa,200,46.4,5.7,181,271,160,1.3,1.3,14/02/08,alive,P,1,17576,A,
491172,1,9208,,amaico,200,49.6,7.5,182,271,131,1.3,1.3,14/02/08,alive,<NA>,1,17576,A,
491173,1,9209,1,oenoma,200,48.3,3,183,271,101,1.3,1.3,14/02/08,alive,<NA>,1,17576,A,
491173,2,9209,2,oenoma,200,48.3,3,606,271,NA,<NA>,NA,15/02/08,prior,<NA>,NA,17577,P,
491174,1,9210,,virose,200,51.2,2.2,184,271,169,1.3,1.3,14/02/08,alive,<NA>,1,17576,A,
491175,1,9211,,mataap,200,54.5,5.9,185,271,105,1.3,1.3,14/02/08,alive,<NA>,1,17576,A,
491176,1,9212,,virose,200,51,18.4,186,271,140,1.3,1.3,14/02/08,alive,<NA>,1,17576,A,
491177,1,9213,,peraar,200,57.8,15.2,187,271,131,1.3,1.3,14/02/08,alive,<NA>,1,17576,A,
491178,1,9214,,peraar,200,56.4,11.3,188,271,153,1.3,1.3,14/02/08,alive,<NA>,1,17576,A,
491179,1,9215,,peraar,200,55.7,13.3,189,271,305,1.3,1.3,14/02/08,alive,<NA>,1,17576,A,
491180,1,9216,,amaico,200,58.7,12.4,190,271,131,1.3,1.3,14/02/08,alive,<NA>,1,17576,A,
491181,1,9217,1,oenoma,200,56.2,0.9,191,271,109,1.3,1.3,14/02/08,alive,<NA>,1,17576,A,
491181,2,9217,2,oenoma,200,56.2,0.9,488,271,NA,<NA>,NA,14/02/08,prior,<NA>,NA,17576,P,
491181,3,9217,3,oenoma,200,56.2,0.9,489,271,NA,<NA>,NA,14/02/08,prior,<NA>,NA,17576,P,
491403,1,816569,0,oenoma,200,46.91,14.3438,562,271,NA,<NA>,NA,15/02/08,prior,<NA>,NA,17576,P,
1914,1,1914,,micopo,201,52.38,36.39,609,271,NA,<NA>,NA,15/02/08,prior,<NA>,NA,17577,P,
1915,1,1915,,micopo,201,55.72,35.71,610,271,NA,<NA>,NA,15/02/08,prior,<NA>,NA,17577,P,
1916,1,1916,,protpa,201,55.58,22.1,611,271,NA,<NA>,NA,15/02/08,prior,<NA>,NA,17577,P,
491182,1,9218,,amaico,201,41.1,24.8,192,271,129,1.3,1.3,14/02/08,alive,<NA>,1,17576,A,
491183,1,9219,,perexa,201,44.1,22.5,193,271,143,1.3,1.3,14/02/08,alive,<NA>,1,17576,A,
491184,1,9220,,peraar,201,42.7,27.8,194,271,284,1.3,1.3,14/02/08,alive,<NA>,1,17576,A,
491185,1,9221,,amaico,201,43.9,34,195,271,130,1.3,1.3,14/02/08,alive,<NA>,1,17576,A,
491186,1,9222,,virose,201,43.5,39.1,196,271,167,1.3,1.3,14/02/08,alive,<NA>,1,17576,A,
491187,1,9223,,peraar,201,44.9,37.9,197,271,196,1.3,1.3,14/02/08,alive,<NA>,1,17576,A,
491188,1,9224,,peraar,201,45.2,35.1,198,271,142,1.3,1.3,14/02/08,alive,<NA>,1,17576,A,
491189,1,9225,,amaico,201,47.8,32,199,271,154,1.3,1.3,14/02/08,alive,<NA>,1,17576,A,
491190,1,9226,,mataap,201,45.9,27.5,200,271,192,1.3,1.3,14/02/08,alive,<NA>,1,17576,A,
491191,1,9227,,peraar,201,47,27.5,201,271,299,1.3,1.3,14/02/08,alive,<NA>,1,17576,A,
491192,1,9228,,perexa,201,50,22,202,271,125,1.3,1.3,14/02/08,alive,<NA>,1,17576,A,
491193,1,9229,,vantde,201,51.7,26,203,271,437,1.3,1.3,14/02/08,alive,<NA>,1,17576,A,
491194,1,9230,,peraar,201,55,25.1,204,271,236,1.3,1.3,14/02/08,alive,<NA>,1,17576,A,
491195,1,9231,,amaico,201,51.7,30.3,205,271,130,1.3,1.3,14/02/08,alive,<NA>,1,17576,A,
491196,1,9232,,peraar,201,57.9,28.6,206,271,290,1.3,1.3,14/02/08,alive,P,1,17576,A,
491197,1,9233,,perexa,201,59,20.4,207,271,129,1.3,1.3,14/02/08,alive,<NA>,1,17576,A,
491404,1,816570,0,jac1co,201,46.2155,36.2714,563,271,NA,<NA>,NA,15/02/08,prior,<NA>,NA,17576,P,
491405,1,816571,0,myrcga,201,52.3659,38.7424,564,271,NA,<NA>,NA,15/02/08,prior,<NA>,NA,17576,P,
491406,1,816572,0,micopo,201,53.8167,39.6968,565,271,NA,<NA>,NA,15/02/08,prior,<NA>,NA,17576,P,
1917,1,1917,,oenoma,202,43.49,45.15,612,271,NA,<NA>,NA,15/02/08,prior,<NA>,NA,17577,P,
1918,1,1918,,ingape,202,59.48,52.45,613,271,NA,<NA>,NA,15/02/08,prior,<NA>,NA,17577,P,
491198,1,9234,,amaico,202,40.6,48.3,208,271,148,1.3,1.3,14/02/08,alive,<NA>,1,17576,A,
491199,1,9235,,amaico,202,43.5,56.5,209,271,119,1.3,1.3,14/02/08,alive,<NA>,1,17576,A,
491200,1,9236,1,peraar,202,48.5,57.6,210,271,446,1.3,1.3,14/02/08,alive,M,1,17576,A,
491200,2,9236,2,peraar,202,48.5,57.6,211,271,152,1.3,1.3,14/02/08,alive,M,1,17576,A,
491201,1,9237,1,oenoma,202,45.6,45.1,212,271,121,1.3,1.3,14/02/08,alive,M,1,17576,A,
491201,2,9237,2,oenoma,202,45.6,45.1,213,271,117,1.3,1.3,14/02/08,alive,M,1,17576,A,
491201,3,9237,3,oenoma,202,45.6,45.1,214,271,107,1.3,1.3,14/02/08,alive,M,1,17576,A,
491202,1,9238,1,oenoma,202,46,49.6,215,271,116,1.3,1.3,14/02/08,alive,<NA>,1,17576,A,
491202,2,9238,2,oenoma,202,46,49.6,490,271,NA,<NA>,NA,14/02/08,prior,<NA>,NA,17576,P,
491202,3,9238,3,oenoma,202,46,49.6,491,271,NA,<NA>,NA,14/02/08,prior,<NA>,NA,17576,P,
491203,1,9239,,peraar,202,48.8,48,216,271,224,1.3,1.3,14/02/08,alive,<NA>,1,17576,A,
491204,1,9240,,amaico,202,54.9,45.1,217,271,215,1.3,1.3,14/02/08,alive,<NA>,1,17576,A,
491205,1,9241,,oenoma,202,53,47.7,218,271,112,1.3,1.3,14/02/08,alive,<NA>,1,17576,A,
491206,1,9242,,amaico,202,50.6,53.1,219,271,181,1.3,1.3,14/02/08,alive,<NA>,1,17576,A,
491207,1,9243,,peraar,202,54.9,59.6,220,271,235,1.3,1.3,14/02/08,alive,<NA>,1,17576,A,
491208,1,9244,,roupmo,202,56.9,54.7,221,271,148,1.3,1.3,14/02/08,alive,Q,1,17576,A,
491209,1,9245,,myrcga,202,57.8,47.5,222,271,192,1.3,1.3,14/02/08,alive,<NA>,1,17576,A,
491407,1,816573,0,ingape,202,48.1294,40.7987,566,271,NA,<NA>,NA,15/02/08,prior,<NA>,NA,17576,P,
491408,1,816574,0,oenoma,202,41.5799,45.9222,567,271,NA,<NA>,NA,15/02/08,prior,<NA>,NA,17576,P,
491409,1,816575,0,virose,202,45.8404,47.5623,568,271,NA,<NA>,NA,15/02/08,prior,<NA>,NA,17576,P,
491410,1,816576,0,micopo,202,57.4689,40.7703,569,271,NA,<NA>,NA,15/02/08,prior,<NA>,NA,17576,P,
491411,1,816577,0,vochfe,202,55.2655,48.5533,570,271,NA,<NA>,NA,15/02/08,prior,<NA>,NA,17576,P,
491210,1,9246,,vantde,203,41,60.3,223,271,390,1.3,1.3,14/02/08,alive,<NA>,1,17576,A,
491211,1,9247,,amaico,203,40.8,72,224,271,134,1.3,1.3,14/02/08,alive,<NA>,1,17576,A,
491212,1,9248,1,oenoma,203,41.6,73.1,225,271,104,1.3,1.3,14/02/08,alive,<NA>,1,17576,A,
491212,2,9248,2,oenoma,203,41.6,73.1,492,271,NA,<NA>,NA,14/02/08,prior,<NA>,NA,17576,P,
491213,1,9249,,amaico,203,47.7,67.5,226,271,140,1.3,1.3,14/02/08,alive,<NA>,1,17576,A,
491214,1,9250,1,oenoma,203,46.6,65,227,271,108,1.3,1.3,14/02/08,alive,<NA>,1,17576,A,
491214,2,9250,2,oenoma,203,46.6,65,493,271,NA,<NA>,NA,14/02/08,prior,<NA>,NA,17576,P,
491214,3,9250,3,oenoma,203,46.6,65,494,271,NA,<NA>,NA,14/02/08,prior,<NA>,NA,17576,P,
491215,1,9251,,amaico,203,48.7,64,228,271,184,1.3,1.3,14/02/08,alive,<NA>,1,17576,A,
491216,1,9252,,peraar,203,50.4,60.5,229,271,129,1.3,1.3,14/02/08,alive,<NA>,1,17576,A,
491217,1,9253,,peraar,203,53.6,60.4,230,271,129,1.3,1.3,14/02/08,alive,<NA>,1,17576,A,
491218,1,9254,,oenoma,203,52,66.9,231,271,113,1.3,1.3,14/02/08,alive,<NA>,1,17576,A,
491219,1,9255,,amaico,203,54,73.6,232,271,118,1.3,1.3,14/02/08,alive,<NA>,1,17576,A,
491220,1,9256,,protpa,203,53.8,75.2,233,271,104,1.3,1.3,14/02/08,alive,<NA>,1,17576,A,
491221,1,9257,1,oenoma,203,55.4,66.2,234,271,106,1.3,1.3,14/02/08,alive,M,1,17576,A,
491221,2,9257,2,oenoma,203,55.4,66.2,235,271,104,1.3,1.3,14/02/08,alive,M,1,17576,A,
491221,3,9257,3,oenoma,203,55.4,66.2,495,271,NA,<NA>,NA,14/02/08,prior,<NA>,NA,17576,P,
491221,4,9257,4,oenoma,203,55.4,66.2,496,271,NA,<NA>,NA,14/02/08,prior,<NA>,NA,17576,P,
491221,5,9257,5,oenoma,203,55.4,66.2,497,271,NA,<NA>,NA,14/02/08,prior,<NA>,NA,17576,P,
491221,6,9257,6,oenoma,203,55.4,66.2,498,271,NA,<NA>,NA,14/02/08,prior,<NA>,NA,17576,P,
491222,1,9258,,amaico,203,57.1,65.7,236,271,160,1.3,1.3,14/02/08,alive,<NA>,1,17576,A,
491412,1,816578,0,oenoma,203,48.6742,77.9624,571,271,NA,<NA>,NA,15/02/08,prior,<NA>,NA,17576,P,
491413,1,816579,0,amaico,203,53.9039,61.7848,572,271,NA,<NA>,NA,15/02/08,prior,<NA>,NA,17576,P,
491223,1,9259,,mataap,204,44.7,86.6,237,271,119,1.3,1.3,14/02/08,alive,<NA>,1,17576,A,
491224,1,9260,,peraar,204,40.3,91.7,238,271,314,1.3,1.3,14/02/08,alive,<NA>,1,17576,A,
491225,1,9261,,peraar,204,40.2,99,239,271,451,1.3,1.3,14/02/08,alive,<NA>,1,17576,A,
491226,1,9262,1,oenoma,204,44.5,95.8,240,271,108,1.3,1.3,14/02/08,alive,M,1,17576,A,
491226,2,9262,2,oenoma,204,44.5,95.8,241,271,103,1.3,1.3,14/02/08,alive,M,1,17576,A,
491226,3,9262,3,oenoma,204,44.5,95.8,242,271,103,1.3,1.3,14/02/08,alive,M,1,17576,A,
491226,4,9262,4,oenoma,204,44.5,95.8,499,271,NA,<NA>,NA,14/02/08,prior,<NA>,NA,17576,P,
491226,5,9262,5,oenoma,204,44.5,95.8,500,271,NA,<NA>,NA,14/02/08,prior,<NA>,NA,17576,P,
491227,1,9263,1,oenoma,204,47.1,99.2,243,271,100,1.3,1.3,14/02/08,alive,<NA>,1,17576,A,
491227,2,9263,2,oenoma,204,47.1,99.2,501,271,NA,<NA>,NA,14/02/08,prior,<NA>,NA,17576,P,
491227,3,9263,3,oenoma,204,47.1,99.2,614,271,NA,<NA>,NA,15/02/08,prior,<NA>,NA,17577,P,
491228,1,9264,,peraar,204,45.8,86.7,244,271,239,1.3,1.3,14/02/08,alive,<NA>,1,17576,A,
491229,1,9265,,oenoma,204,50,86.3,245,271,107,1.3,1.3,14/02/08,alive,<NA>,1,17576,A,
491230,1,9266,,vantde,204,47,80.6,246,271,147,1.3,1.3,14/02/08,alive,<NA>,1,17576,A,
491231,1,9267,,peraar,204,47.6,81.6,247,271,432,1.3,1.3,14/02/08,alive,<NA>,1,17576,A,
491232,1,9268,,vantde,204,48.4,80.9,248,271,210,1.3,1.3,14/02/08,alive,<NA>,1,17576,A,
491233,1,9269,,termam,204,50.5,84,249,271,504,1.3,1.3,14/02/08,alive,<NA>,1,17576,A,
491234,1,9270,,mataap,204,52,85.9,583,271,498,1.3,1.3,14/02/08,alive,B,1,17576,A,
491235,1,9271,,tachve,204,52.4,94.5,584,271,244,1.3,1.3,14/02/08,alive,B,1,17576,A,
491236,1,9272,,oenoma,204,59.3,93.5,250,271,106,1.3,1.3,14/02/08,alive,M,1,17576,A,
491236,2,9272,2,oenoma,204,59.3,93.5,251,271,102,1.3,1.3,14/02/08,alive,M,1,17576,A,
491236,3,9272,3,oenoma,204,59.3,93.5,615,271,NA,<NA>,NA,15/02/08,prior,<NA>,NA,17577,P,
491236,4,9272,4,oenoma,204,59.3,93.5,616,271,NA,<NA>,NA,15/02/08,prior,<NA>,NA,17577,P,
491236,5,9272,5,oenoma,204,59.3,93.5,617,271,NA,<NA>,NA,15/02/08,prior,<NA>,NA,17577,P,
491237,1,9273,,peraar,204,57.3,84.6,252,271,295,1.3,1.3,14/02/08,alive,<NA>,1,17576,A,
1919,1,1919,,oenoma,300,61.98,0.62,618,271,NA,<NA>,NA,15/02/08,prior,<NA>,NA,17577,P,
1920,1,1920,,amaico,300,68.48,5.06,619,271,NA,<NA>,NA,15/02/08,prior,<NA>,NA,17577,P,
491238,1,9301,,peraar,300,61,2.1,253,271,169,1.3,1.3,15/02/08,alive,<NA>,1,17577,A,
491239,1,9302,,amaico,300,62.7,7.5,254,271,106,1.3,1.3,15/02/08,alive,<NA>,1,17577,A,
491240,1,9303,,amaico,300,62.1,10.3,255,271,144,1.3,1.3,15/02/08,alive,L,1,17577,A,
491241,1,9304,,peraar,300,64.6,11.4,256,271,324,1.3,1.3,15/02/08,alive,<NA>,1,17577,A,
491242,1,9305,,amaico,300,61.5,15.6,257,271,133,1.3,1.3,15/02/08,alive,<NA>,1,17577,A,
491243,1,9306,,peraar,300,60.5,18.7,258,271,289,1.3,1.3,15/02/08,alive,<NA>,1,17577,A,
491244,1,9307,,ormocr,300,64.1,19.2,259,271,100,1.3,1.3,15/02/08,alive,<NA>,1,17577,A,
491245,1,9308,,perexa,300,66.4,15.5,260,271,143,1.3,1.3,15/02/08,alive,<NA>,1,17577,A,
491246,1,9309,,amaico,300,69.7,11.4,261,271,153,1.3,1.3,15/02/08,alive,<NA>,1,17577,A,
491247,1,9310,1,oenoma,300,72.6,2.4,262,271,113,1.3,1.3,15/02/08,alive,M,1,17577,A,
491247,2,9310,2,oenoma,300,72.6,2.4,263,271,106,1.3,1.3,15/02/08,alive,M,1,17577,A,
491247,3,9310,3,oenoma,300,72.6,2.4,502,271,NA,<NA>,NA,15/02/08,prior,<NA>,NA,17577,P,
491247,4,9310,4,oenoma,300,72.6,2.4,621,271,NA,<NA>,NA,15/02/08,prior,<NA>,NA,17577,P,
491248,1,9311,1,oenoma,300,72.5,10.5,264,271,106,1.3,1.3,15/02/08,alive,<NA>,1,17577,A,
491248,2,9311,2,oenoma,300,72.5,10.5,503,271,NA,<NA>,NA,15/02/08,prior,<NA>,NA,17577,P,
491248,3,9311,3,oenoma,300,72.5,10.5,620,271,NA,<NA>,NA,15/02/08,prior,<NA>,NA,17577,P,
491249,1,9312,,vantde,300,72.6,11.9,265,271,321,1.3,1.3,15/02/08,alive,<NA>,1,17577,A,
491250,1,9313,1,oenoma,300,74.3,14.8,266,271,118,1.3,1.3,15/02/08,alive,<NA>,1,17577,A,
491250,2,9313,2,oenoma,300,74.3,14.8,504,271,NA,<NA>,NA,15/02/08,prior,<NA>,NA,17577,P,
491250,3,9313,3,oenoma,300,74.3,14.8,505,271,NA,<NA>,NA,15/02/08,prior,<NA>,NA,17577,P,
491250,4,9313,4,oenoma,300,74.3,14.8,506,271,NA,<NA>,NA,15/02/08,prior,<NA>,NA,17577,P,
491250,5,9313,5,oenoma,300,74.3,14.8,507,271,NA,<NA>,NA,15/02/08,prior,<NA>,NA,17577,P,
491250,6,9313,6,oenoma,300,74.3,14.8,508,271,NA,<NA>,NA,15/02/08,prior,<NA>,NA,17577,P,
491251,1,9314,,peraar,300,72.8,15.3,267,271,362,1.3,1.3,15/02/08,alive,<NA>,1,17577,A,
491252,1,9315,,amaico,300,79.7,12.2,268,271,180,1.3,1.3,15/02/08,alive,<NA>,1,17577,A,
491253,1,9316,,amaico,300,77.5,6.4,269,271,175,1.3,1.3,15/02/08,alive,<NA>,1,17577,A,
491254,1,9317,1,oenoma,300,79.2,9.5,270,271,110,1.3,1.3,15/02/08,alive,<NA>,1,17577,A,
491254,2,9317,2,oenoma,300,79.2,9.5,509,271,NA,<NA>,NA,15/02/08,prior,<NA>,NA,17577,P,
491254,3,9317,3,oenoma,300,79.2,9.5,510,271,NA,<NA>,NA,15/02/08,prior,<NA>,NA,17577,P,
491254,4,9317,4,oenoma,300,79.2,9.5,511,271,NA,<NA>,NA,15/02/08,prior,<NA>,NA,17577,P,
491414,1,816582,0,tachve,300,67.0288,1.99558,573,271,NA,<NA>,NA,15/02/08,prior,<NA>,NA,17577,P,
1921,1,1921,,amaico,301,79.7,29.03,627,271,NA,<NA>,NA,15/02/08,prior,<NA>,NA,17577,P,
491255,1,9318,,perexa,301,62.5,27.5,271,271,120,1.3,1.3,15/02/08,alive,<NA>,1,17577,A,
491256,1,9319,,peraar,301,64.2,26.2,272,271,143,1.3,1.3,15/02/08,alive,<NA>,1,17577,A,
491257,1,9320,,ingape,301,61.5,33.1,273,271,116,1.3,1.3,15/02/08,alive,<NA>,1,17577,A,
491258,1,9321,,peraar,301,63.9,33.4,274,271,126,1.3,1.3,15/02/08,alive,<NA>,1,17577,A,
491259,1,9322,,tab1gu,301,64.5,30.7,275,271,118,1.3,1.3,15/02/08,alive,<NA>,1,17577,A,
491260,1,9323,1,oenoma,301,64.4,39.3,276,271,116,1.3,1.3,15/02/08,alive,<NA>,1,17577,A,
491260,2,9323,2,oenoma,301,64.4,39.3,512,271,NA,<NA>,NA,15/02/08,prior,<NA>,NA,17577,P,
491260,3,9323,3,oenoma,301,64.4,39.3,622,271,NA,<NA>,NA,15/02/08,prior,<NA>,NA,17577,P,
491261,1,9324,1,oenoma,301,68.8,38.9,277,271,104,1.3,1.3,15/02/08,alive,<NA>,1,17577,A,
491261,2,9324,2,oenoma,301,68.8,38.9,513,271,NA,<NA>,NA,15/02/08,prior,<NA>,NA,17577,P,
491262,1,9325,,calolo,301,65.6,25.4,278,271,410,1.3,1.3,15/02/08,alive,<NA>,1,17577,A,
491263,1,9326,,tab1gu,301,66.5,25.9,279,271,100,1.3,1.3,15/02/08,alive,<NA>,1,17577,A,
491264,1,9327,,perexa,301,69.5,28.2,280,271,133,1.3,1.3,15/02/08,alive,<NA>,1,17577,A,
491265,1,9328,,virose,301,74.4,21.3,281,271,132,1.3,1.3,15/02/08,alive,<NA>,1,17577,A,
491266,1,9329,,amaico,301,70.6,30.5,282,271,128,1.3,1.3,15/02/08,alive,<NA>,1,17577,A,
491267,1,9330,,vantde,301,72.8,33.3,283,271,391,1.3,1.3,15/02/08,alive,<NA>,1,17577,A,
491268,1,9331,,lindla,301,71.4,37.2,284,271,110,1.3,1.3,15/02/08,alive,<NA>,1,17577,A,
491269,1,9332,,peraar,301,75.5,37.4,285,271,198,1.3,1.3,15/02/08,alive,<NA>,1,17577,A,
491270,1,9333,1,oenoma,301,76.2,26,286,271,112,1.3,1.3,15/02/08,alive,M,1,17577,A,
491270,2,9333,2,oenoma,301,76.2,26,287,271,108,1.3,1.3,15/02/08,alive,M,1,17577,A,
491270,3,9333,3,oenoma,301,76.2,26,288,271,104,1.3,1.3,15/02/08,alive,M,1,17577,A,
491270,4,9333,4,oenoma,301,76.2,26,289,271,103,1.3,1.3,15/02/08,alive,M,1,17577,A,
491270,5,9333,5,oenoma,301,76.2,26,290,271,101,1.3,1.3,15/02/08,alive,M,1,17577,A,
491270,6,9333,6,oenoma,301,76.2,26,291,271,108,1.3,1.3,15/02/08,alive,M,1,17577,A,
491270,7,9333,7,oenoma,301,76.2,26,514,271,NA,<NA>,NA,15/02/08,prior,<NA>,NA,17577,P,
491270,8,9333,8,oenoma,301,76.2,26,515,271,NA,<NA>,NA,15/02/08,prior,<NA>,NA,17577,P,
491270,9,9333,9,oenoma,301,76.2,26,516,271,NA,<NA>,NA,15/02/08,prior,<NA>,NA,17577,P,
491270,10,9333,10,oenoma,301,76.2,26,517,271,NA,<NA>,NA,15/02/08,prior,<NA>,NA,17577,P,
491270,11,9333,11,oenoma,301,76.2,26,623,271,NA,<NA>,NA,15/02/08,prior,<NA>,NA,17577,P,
491270,12,9333,12,oenoma,301,76.2,26,624,271,NA,<NA>,NA,15/02/08,prior,<NA>,NA,17577,P,
491271,1,9334,,oenoma,301,78.8,24.2,292,271,105,1.3,1.3,15/02/08,alive,<NA>,1,17577,A,
491271,2,9334,2,oenoma,301,78.8,24.2,625,271,NA,<NA>,NA,15/02/08,prior,<NA>,NA,17577,P,
491271,3,9334,3,oenoma,301,78.8,24.2,626,271,NA,<NA>,NA,15/02/08,prior,<NA>,NA,17577,P,
491415,1,816581,0,perexa,301,71.2397,20.7212,574,271,NA,<NA>,NA,15/02/08,prior,<NA>,NA,17577,P,
491272,1,9335,,vantde,302,64.5,43.9,293,271,323,1.3,1.3,15/02/08,alive,<NA>,1,17577,A,
491273,1,9336,,peraar,302,64.7,45.1,294,271,352,1.3,1.3,15/02/08,alive,<NA>,1,17577,A,
491274,1,9337,1,oenoma,302,64.8,51.4,295,271,108,1.3,1.3,15/02/08,alive,<NA>,1,17577,A,
491274,2,9337,2,oenoma,302,64.8,51.4,518,271,NA,<NA>,NA,15/02/08,prior,<NA>,NA,17577,P,
491274,3,9337,3,oenoma,302,64.8,51.4,519,271,NA,<NA>,NA,15/02/08,prior,<NA>,NA,17577,P,
491274,4,9337,4,oenoma,302,64.8,51.4,520,271,NA,<NA>,NA,15/02/08,prior,<NA>,NA,17577,P,
491274,5,9337,5,oenoma,302,64.8,51.4,521,271,NA,<NA>,NA,15/02/08,prior,<NA>,NA,17577,P,
491275,1,9338,,virose,302,63.7,58.9,296,271,110,1.3,1.3,15/02/08,alive,<NA>,1,17577,A,
491276,1,9339,,oenoma,302,65.5,49,297,271,115,1.3,1.3,15/02/08,alive,<NA>,1,17577,A,
491277,1,9340,1,oenoma,302,69.8,49.5,298,271,109,1.3,1.3,15/02/08,alive,M,1,17577,A,
491277,2,9340,2,oenoma,302,69.8,49.5,299,271,105,1.3,1.3,15/02/08,alive,M,1,17577,A,
491277,3,9340,3,oenoma,302,69.8,49.5,522,271,NA,<NA>,NA,15/02/08,prior,<NA>,NA,17577,P,
491278,1,9341,,mataap,302,70.2,40.6,300,271,197,1.3,1.3,15/02/08,alive,<NA>,1,17577,A,
491279,1,9342,1,oenoma,302,74.7,54.6,301,271,101,1.3,1.3,15/02/08,alive,M,1,17577,A,
491279,2,9342,3,oenoma,302,74.7,54.6,302,271,100,1.3,1.3,15/02/08,alive,M,1,17577,A,
491279,3,9342,2,oenoma,302,74.7,54.6,303,271,101,1.3,1.3,15/02/08,alive,M,1,17577,A,
491279,4,9342,4,oenoma,302,74.7,54.6,523,271,NA,<NA>,NA,15/02/08,prior,<NA>,NA,17577,P,
491279,5,9342,5,oenoma,302,74.7,54.6,524,271,NA,<NA>,NA,15/02/08,prior,<NA>,NA,17577,P,
491279,6,9342,6,oenoma,302,74.7,54.6,628,271,NA,<NA>,NA,15/02/08,prior,<NA>,NA,17577,P,
491280,1,9343,,amaico,302,72.8,55.2,304,271,110,1.3,1.3,15/02/08,alive,<NA>,1,17577,A,
491281,1,9344,,vantde,302,75,58.4,305,271,266,1.3,1.3,15/02/08,alive,<NA>,1,17577,A,
491282,1,9345,,peraar,302,76.7,54.3,306,271,133,1.3,1.3,15/02/08,alive,<NA>,1,17577,A,
491283,1,9346,,amaico,302,77.8,40.4,307,271,128,1.3,1.3,15/02/08,alive,<NA>,1,17577,A,
491284,1,9347,,amaico,302,79.3,44.2,308,271,120,1.3,1.3,15/02/08,alive,<NA>,1,17577,A,
491285,1,9348,,cordbi,302,78.9,42.7,309,271,303,1.3,1.3,15/02/08,alive,<NA>,1,17577,A,
491416,1,816580,0,mataap,302,65.4656,51.8863,575,271,NA,<NA>,NA,15/02/08,prior,<NA>,NA,17577,P,
1922,1,1922,,micopo,303,70.24,70.25,629,271,NA,<NA>,NA,15/02/08,prior,<NA>,NA,17577,P,
1923,1,1923,,virose,303,68.81,69.68,630,271,NA,<NA>,NA,15/02/08,prior,<NA>,NA,17577,P,
491286,1,9349,1,oenoma,303,62.9,69.3,310,271,108,1.3,1.3,15/02/08,alive,<NA>,1,17577,A,
491287,1,9350,,amaico,303,64.4,66.1,311,271,178,1.3,1.3,15/02/08,alive,<NA>,1,17577,A,
491288,1,9351,1,oenoma,303,68.1,74.8,312,271,105,1.3,1.3,15/02/08,alive,M,1,17577,A,
491288,2,9351,2,oenoma,303,68.1,74.8,313,271,105,1.3,1.3,15/02/08,alive,M,1,17577,A,
491288,3,9351,3,oenoma,303,68.1,74.8,525,271,NA,<NA>,NA,15/02/08,prior,<NA>,NA,17577,P,
491288,4,9351,4,oenoma,303,68.1,74.8,526,271,NA,<NA>,NA,15/02/08,prior,<NA>,NA,17577,P,
491288,5,9351,5,oenoma,303,68.1,74.8,527,271,NA,<NA>,NA,15/02/08,prior,<NA>,NA,17577,P,
491289,1,9352,,peraar,303,67.7,60.2,314,271,220,1.3,1.3,15/02/08,alive,<NA>,1,17577,A,
491290,1,9353,,peraar,303,66.4,63.7,315,271,258,1.3,1.3,15/02/08,alive,<NA>,1,17577,A,
491291,1,9354,,amaico,303,67.3,64.7,316,271,171,1.3,1.3,15/02/08,alive,<NA>,1,17577,A,
491292,1,9355,,virosp,303,69.7,64.6,317,271,122,1.3,1.3,15/02/08,alive,<NA>,1,17577,A,
491293,1,9356,,peraar,303,68.7,60.2,318,271,252,1.3,1.3,15/02/08,alive,<NA>,1,17577,A,
491294,1,9357,,vantde,303,74.7,60.7,319,271,208,1.3,1.3,15/02/08,alive,<NA>,1,17577,A,
491295,1,9358,,roupmo,303,74.8,64.5,320,271,206,1.3,1.3,15/02/08,alive,<NA>,1,17577,A,
491296,1,9359,,mataap,303,74.8,69,321,271,103,1.3,1.3,15/02/08,alive,<NA>,1,17577,A,
491297,1,9360,,nectpu,303,78.3,79.6,322,271,168,1.3,1.3,15/02/08,alive,<NA>,1,17577,A,
491298,1,9361,,amaico,303,76.3,65.7,323,271,107,1.3,1.3,15/02/08,alive,<NA>,1,17577,A,
491299,1,9362,,entesc,303,77.4,61.6,585,271,712,2.3,2.3,15/02/08,alive,B,1,17577,A,
1924,1,1924,1,oenoma,304,72.25,87.55,634,271,NA,<NA>,NA,15/02/08,prior,<NA>,NA,17577,P,
1924,2,1924,2,oenoma,304,72.25,87.55,635,271,NA,<NA>,NA,15/02/08,prior,<NA>,NA,17577,P,
491300,1,9363,,vantde,304,62.5,85.3,324,271,360,1.3,1.3,15/02/08,alive,<NA>,1,17577,A,
491301,1,9364,,peraar,304,64,95.8,325,271,170,1.3,1.3,15/02/08,alive,<NA>,1,17577,A,
491302,1,9365,,peraar,304,65.3,95.9,326,271,178,1.3,1.3,15/02/08,alive,<NA>,1,17577,A,
491303,1,9366,1,oenoma,304,65.5,85.5,327,271,101,1.3,1.3,15/02/08,alive,<NA>,1,17577,A,
491303,2,9366,2,oenoma,304,65.5,85.5,531,271,NA,<NA>,NA,15/02/08,prior,<NA>,NA,17577,P,
491303,3,9366,3,oenoma,304,65.5,85.5,532,271,NA,<NA>,NA,15/02/08,prior,<NA>,NA,17577,P,
491303,4,9366,4,oenoma,304,65.5,85.5,632,271,NA,<NA>,NA,15/02/08,prior,<NA>,NA,17577,P,
491303,5,9366,5,oenoma,304,65.5,85.5,633,271,NA,<NA>,NA,15/02/08,prior,<NA>,NA,17577,P,
491304,1,9367,,peraar,304,67.1,89.3,328,271,430,1.3,1.3,15/02/08,alive,<NA>,1,17577,A,
491305,1,9368,1,oenoma,304,68.7,80.7,329,271,106,1.3,1.3,15/02/08,alive,<NA>,1,17577,A,
491305,2,9368,2,oenoma,304,68.7,80.7,631,271,NA,<NA>,NA,15/02/08,prior,<NA>,NA,17577,P,
491306,1,9369,1,oenoma,304,73.7,85.6,330,271,102,1.3,1.3,15/02/08,alive,<NA>,1,17577,A,
491307,1,9370,,entesc,304,74.6,94.6,331,271,464,1.8,1.8,15/02/08,alive,P,1,17577,A,
491308,1,9371,,peraar,304,78.3,81.4,332,271,170,1.3,1.3,15/02/08,alive,<NA>,1,17577,A,
491309,1,9372,,vantde,304,79.4,80.4,333,271,387,1.3,1.3,15/02/08,alive,<NA>,1,17577,A,
491310,1,9401,,jac1co,400,80.5,4.6,334,271,438,1.3,1.3,15/02/08,alive,<NA>,1,17577,A,
491311,1,9402,,protpa,400,82.5,4.6,335,271,110,1.3,1.3,15/02/08,alive,<NA>,1,17577,A,
491312,1,9403,,oenoma,400,84.1,3.8,336,271,101,1.3,1.3,15/02/08,alive,<NA>,1,17577,A,
491313,1,9404,,xyl1fr,400,81.7,5.1,337,271,194,1.3,1.3,15/02/08,alive,<NA>,1,17577,A,
491314,1,9405,,jac1co,400,86.2,3.4,338,271,117,1.3,1.3,15/02/08,alive,<NA>,1,17577,A,
491315,1,9406,,peraar,400,89.7,1.6,339,271,303,1.3,1.3,15/02/08,alive,<NA>,1,17577,A,
491316,1,9407,,peraar,400,90.7,2.5,340,271,138,1.3,1.3,15/02/08,alive,<NA>,1,17577,A,
491317,1,9408,,oenoma,400,92.2,2.5,341,271,102,1.3,1.3,15/02/08,alive,<NA>,1,17577,A,
491318,1,9409,,peraar,400,90.6,8,342,271,273,1.3,1.3,15/02/08,alive,<NA>,1,17577,A,
491319,1,9410,,oenoma,400,91.7,10.5,343,271,105,1.3,1.3,15/02/08,alive,M,1,17577,A,
491319,2,9410,1,oenoma,400,91.7,10.5,344,271,104,1.3,1.3,15/02/08,alive,M,1,17577,A,
491319,3,9410,2,oenoma,400,91.7,10.5,533,271,NA,<NA>,NA,15/02/08,prior,<NA>,NA,17577,P,
491319,4,9410,3,oenoma,400,91.7,10.5,534,271,NA,<NA>,NA,15/02/08,prior,<NA>,NA,17577,P,
491319,5,9410,4,oenoma,400,91.7,10.5,535,271,NA,<NA>,NA,15/02/08,prior,<NA>,NA,17577,P,
491319,6,9410,5,oenoma,400,91.7,10.5,536,271,NA,<NA>,NA,15/02/08,prior,<NA>,NA,17577,P,
491319,7,9410,6,oenoma,400,91.7,10.5,537,271,NA,<NA>,NA,15/02/08,prior,<NA>,NA,17577,P,
491319,8,9410,7,oenoma,400,91.7,10.5,538,271,NA,<NA>,NA,15/02/08,prior,<NA>,NA,17577,P,
491319,9,9410,8,oenoma,400,91.7,10.5,539,271,NA,<NA>,NA,15/02/08,prior,<NA>,NA,17577,P,
491319,10,9410,9,oenoma,400,91.7,10.5,636,271,NA,<NA>,NA,15/02/08,prior,<NA>,NA,17577,P,
491319,11,9410,10,oenoma,400,91.7,10.5,637,271,NA,<NA>,NA,15/02/08,prior,<NA>,NA,17577,P,
491320,1,9411,,peraar,400,92,11.3,345,271,226,1.3,1.3,15/02/08,alive,<NA>,1,17577,A,
491321,1,9412,,amaico,400,91.8,12.2,346,271,118,1.3,1.3,15/02/08,alive,<NA>,1,17577,A,
491322,1,9413,,entesc,400,94.7,19.4,347,271,566,1.3,1.3,15/02/08,alive,<NA>,1,17577,A,
491323,1,9414,,peraar,400,97,15.3,348,271,214,1.3,1.3,15/02/08,alive,<NA>,1,17577,A,
491324,1,9415,,mataap,400,99.4,11.5,349,271,288,1.3,1.3,15/02/08,alive,<NA>,1,17577,A,
491325,1,9416,1,oenoma,400,96.1,1,350,271,106,1.3,1.3,15/02/08,alive,<NA>,1,17577,A,
491325,2,9416,2,oenoma,400,96.1,1,540,271,NA,<NA>,NA,15/02/08,prior,<NA>,NA,17577,P,
491325,3,9416,3,oenoma,400,96.1,1,541,271,NA,<NA>,NA,15/02/08,prior,<NA>,NA,17577,P,
491326,1,9417,,virose,401,80.5,27,351,271,124,1.3,1.3,15/02/08,alive,<NA>,1,17577,A,
491327,1,9418,,amaico,401,80.7,31.7,352,271,105,1.3,1.3,15/02/08,alive,<NA>,1,17577,A,
491328,1,9419,,mataap,401,85.9,34.3,353,271,555,1.3,1.3,15/02/08,alive,<NA>,1,17577,A,
491329,1,9420,,ery2ma,401,89.2,30.9,354,271,113,1.3,1.3,15/02/08,alive,<NA>,1,17577,A,
491330,1,9421,,amaico,401,87.1,28.1,355,271,183,1.3,1.3,15/02/08,alive,<NA>,1,17577,A,
491331,1,9422,,vochfe,401,88,24.8,356,271,132,1.3,1.3,15/02/08,alive,<NA>,1,17577,A,
491332,1,9423,,oenoma,401,90.6,25.6,357,271,104,1.3,1.3,15/02/08,alive,<NA>,1,17577,A,
491333,1,9424,,oenoma,401,99.1,38.3,358,271,106,1.3,1.3,15/02/08,alive,<NA>,1,17577,A,
491333,2,9424,2,oenoma,401,99.1,38.3,542,271,NA,<NA>,NA,15/02/08,prior,<NA>,NA,17577,P,
491334,1,9425,,ternte,401,98.5,33.5,359,271,154,1.5,1.5,15/02/08,alive,P,1,17577,A,
491335,1,9426,,virose,401,97.6,29.8,360,271,105,1.3,1.3,15/02/08,alive,<NA>,1,17577,A,
1925,1,1925,,myrcga,402,97.78,54.38,638,271,NA,<NA>,NA,15/02/08,prior,<NA>,NA,17577,P,
491336,1,9427,,vantde,402,82.6,40.1,361,271,628,1.3,1.3,15/02/08,alive,<NA>,1,17577,A,
491337,1,9428,,oenoma,402,82.4,50.3,362,271,105,1.3,1.3,15/02/08,alive,<NA>,1,17577,A,
491337,2,9428,2,oenoma,402,82.4,50.3,543,271,NA,<NA>,NA,15/02/08,prior,<NA>,NA,17577,P,
491337,3,9428,3,oenoma,402,82.4,50.3,544,271,NA,<NA>,NA,15/02/08,prior,<NA>,NA,17577,P,
491338,1,9429,,vantde,402,80.5,55.4,363,271,264,1.3,1.3,15/02/08,alive,<NA>,1,17577,A,
491339,1,9430,,myrcga,402,81.2,57.2,364,271,100,1.3,1.3,15/02/08,alive,<NA>,1,17577,A,
491340,1,9431,,amaico,402,84,56.4,365,271,145,1.3,1.3,15/02/08,alive,<NA>,1,17577,A,
491341,1,9432,,xyl1fr,402,90.3,44.7,366,271,119,1.3,1.3,15/02/08,alive,<NA>,1,17577,A,
491342,1,9433,,amaico,402,94.1,44.2,367,271,112,1.3,1.3,15/02/08,alive,<NA>,1,17577,A,
491343,1,9434,,mataap,402,92.8,48.6,368,271,214,1.3,1.3,15/02/08,alive,<NA>,1,17577,A,
491344,1,9435,,mataap,402,92.2,50.2,369,271,165,1.3,1.3,15/02/08,alive,<NA>,1,17577,A,
491345,1,9436,,entesc,402,92,54.2,370,271,550,1.3,1.3,15/02/08,alive,<NA>,1,17577,A,
491346,1,9437,,mataap,402,95.6,55.4,371,271,272,1.3,1.3,15/02/08,alive,<NA>,1,17577,A,
491347,1,9438,,peraar,402,95.9,57.9,372,271,444,1.3,1.3,15/02/08,alive,<NA>,1,17577,A,
491348,1,9439,,amaico,402,97.1,56.5,373,271,110,1.3,1.3,15/02/08,alive,<NA>,1,17577,A,
491349,1,9440,,myrsco,402,95.8,50.7,374,271,449,1.3,1.3,15/02/08,alive,<NA>,1,17577,A,
491350,1,9441,,amaico,402,96.6,45.2,375,271,107,1.3,1.3,15/02/08,alive,<NA>,1,17577,A,
491351,1,9442,,amaico,402,98,40.8,376,271,104,1.3,1.3,15/02/08,alive,<NA>,1,17577,A,
491352,1,9443,,vantde,402,99.7,44.6,377,271,400,1.75,1.75,15/02/08,alive,"Q,P",1,17577,A,
1926,1,1926,,micopo,403,84.16,70.71,639,271,NA,<NA>,NA,15/02/08,prior,<NA>,NA,17577,P,
491353,1,9444,,ternte,403,81.5,64.3,378,271,117,1.3,1.3,15/02/08,alive,<NA>,1,17577,A,
491354,1,9445,,amaico,403,82.7,68.7,379,271,141,1.3,1.3,15/02/08,alive,<NA>,1,17577,A,
491355,1,9446,,peraar,403,80.2,79,380,271,248,1.3,1.3,15/02/08,alive,<NA>,1,17577,A,
491356,1,9447,,amaico,403,87,78.2,381,271,129,1.3,1.3,15/02/08,alive,<NA>,1,17577,A,
491357,1,9448,,virose,403,87.1,64.8,382,271,119,1.3,1.3,15/02/08,alive,<NA>,1,17577,A,
491358,1,9449,,mataap,403,92,60.5,587,271,200,1.3,1.3,15/02/08,alive,P,1,17577,A,
491359,1,9450,,oenoma,403,98,78.9,383,271,132,1.3,1.3,15/02/08,alive,M,1,17577,A,
491359,2,9450,2,oenoma,403,98,78.9,384,271,103,1.3,1.3,15/02/08,alive,M,1,17577,A,
491360,1,9451,,entesc,403,97.5,70.8,385,271,459,1.3,1.3,15/02/08,alive,<NA>,1,17577,A,
491361,1,9452,,ternte,403,98,73.7,386,271,120,1.3,1.3,15/02/08,alive,<NA>,1,17577,A,
491362,1,9453,,entesc,403,96.6,66.2,387,271,209,1.3,1.3,15/02/08,alive,<NA>,1,17577,A,
491363,1,9454,,vantde,403,98.3,69.5,388,271,188,1.3,1.3,15/02/08,alive,<NA>,1,17577,A,
491364,1,9455,1,amaico,403,96.5,60.9,389,271,139,1.3,1.3,15/02/08,alive,<NA>,1,17577,A,
491364,2,9455,2,amaico,403,96.5,60.9,545,271,NA,<NA>,NA,15/02/08,prior,<NA>,NA,17577,P,
491389,1,9480,,entesc,403,100,62.4,390,271,384,1.3,1.3,15/02/08,alive,<NA>,1,17577,A,
491417,1,840513,0,micopo,403,81.1345,70.2355,576,271,NA,<NA>,NA,15/02/08,prior,<NA>,NA,17577,P,
491365,1,9456,,ternte,404,81.4,84,391,271,124,1.3,1.3,15/02/08,alive,<NA>,1,17577,A,
491366,1,9457,,peraar,404,80.2,86.6,392,271,130,1.3,1.3,15/02/08,alive,<NA>,1,17577,A,
491367,1,9458,1,roupmo,404,80.4,87.6,393,271,260,1.3,1.3,15/02/08,alive,M,1,17577,A,
491367,2,9458,2,roupmo,404,80.4,87.6,394,271,209,1.3,1.3,15/02/08,alive,M,1,17577,A,
491368,1,9459,,vataer,404,85,88.7,395,271,403,1.3,1.3,15/02/08,alive,<NA>,1,17577,A,
491369,1,9460,,pochse,404,84.8,85.2,396,271,272,1.3,1.3,15/02/08,alive,<NA>,1,17577,A,
491370,1,9461,,dio2ar,404,80.6,92.5,397,271,131,1.3,1.3,15/02/08,alive,<NA>,1,17577,A,
491371,1,9462,1,oenoma,404,84.7,94.7,398,271,106,1.3,1.3,15/02/08,alive,<NA>,1,17577,A,
491371,2,9462,2,oenoma,404,84.7,94.7,546,271,NA,<NA>,NA,15/02/08,prior,<NA>,NA,17577,P,
491372,1,9463,,peraar,404,83.9,96.7,399,271,190,1.3,1.3,15/02/08,alive,<NA>,1,17577,A,
491373,1,9464,,ingath,404,86.3,95.2,400,271,298,1.3,1.3,15/02/08,alive,<NA>,1,17577,A,
491374,1,9465,,peraar,404,86.4,90.5,401,271,172,1.3,1.3,15/02/08,alive,<NA>,1,17577,A,
491375,1,9466,,peraar,404,85.7,94.5,402,271,238,1.3,1.3,15/02/08,alive,<NA>,1,17577,A,
491376,1,9467,,ternte,404,87.8,89.3,403,271,152,1.3,1.3,15/02/08,alive,<NA>,1,17577,A,
491377,1,9468,,peraar,404,85.4,82.5,404,271,312,1.3,1.3,15/02/08,alive,<NA>,1,17577,A,
491378,1,9469,,termam,404,89,84.6,405,271,120,1.3,1.3,15/02/08,alive,<NA>,1,17577,A,
491379,1,9470,,ternte,404,90.9,84.5,406,271,150,1.3,1.3,15/02/08,alive,<NA>,1,17577,A,
491380,1,9471,,ternte,404,90.9,89.3,407,271,125,1.3,1.3,15/02/08,alive,<NA>,1,17577,A,
491381,1,9472,,peraar,404,91.5,89.6,408,271,351,1.3,1.3,15/02/08,alive,<NA>,1,17577,A,
491382,1,9473,,peraar,404,94.2,94.7,409,271,260,1.3,1.3,15/02/08,alive,<NA>,1,17577,A,
491383,1,9474,,roupmo,404,94.5,92.6,410,271,176,1.3,1.3,15/02/08,alive,<NA>,1,17577,A,
491384,1,9475,,vantde,404,98.7,99.3,411,271,533,1.9,1.9,15/02/08,alive,P,1,17577,A,
491385,1,9476,,mataap,404,99.6,92.2,412,271,253,1.3,1.3,15/02/08,alive,<NA>,1,17577,A,
491386,1,9477,,mataap,404,97.2,85.4,413,271,178,1.3,1.3,15/02/08,alive,<NA>,1,17577,A,
491387,1,9478,,peraar,404,98.4,85.4,414,271,331,1.3,1.3,15/02/08,alive,<NA>,1,17577,A,
491388,1,9479,,roupmo,404,95.5,83.9,415,271,173,1.3,1.3,15/02/08,alive,<NA>,1,17577,A,
